[
  {
    "studentRegNo": "S/18/454",
    "session": "M",
    "queueName": "Q1",
    "type": "P",
    "stallName": "TW1",
    "position": "1"
  },
  {
    "studentRegNo": "S/18/517",
    "session": "M",
    "queueName": "Q1",
    "type": "P",
    "stallName": "TW1",
    "position": "2"
  },
  {
    "studentRegNo": "S/18/523",
    "session": "M",
    "queueName": "Q1",
    "type": "P",
    "stallName": "TW1",
    "position": "3"
  },
  {
    "studentRegNo": "S/18/524",
    "session": "M",
    "queueName": "Q1",
    "type": "P",
    "stallName": "TW1",
    "position": "4"
  },
  {
    "studentRegNo": "S/18/528",
    "session": "M",
    "queueName": "Q1",
    "type": "P",
    "stallName": "TW1",
    "position": "5"
  },
  {
    "studentRegNo": "S/18/313",
    "session": "M",
    "queueName": "Q1",
    "type": "P",
    "stallName": "TW1",
    "position": "6"
  },
  {
    "studentRegNo": "S/18/334",
    "session": "M",
    "queueName": "Q1",
    "type": "P",
    "stallName": "TW1",
    "position": "7"
  },
  {
    "studentRegNo": "S/18/474",
    "session": "M",
    "queueName": "Q1",
    "type": "P",
    "stallName": "TW1",
    "position": "8"
  },
  {
    "studentRegNo": "S/18/552",
    "session": "M",
    "queueName": "Q1",
    "type": "P",
    "stallName": "TW1",
    "position": "9"
  },
  {
    "studentRegNo": "S/17/499",
    "session": "M",
    "queueName": "Q1",
    "type": "P",
    "stallName": "TW1",
    "position": "10"
  },
  {
    "studentRegNo": "S/19/416",
    "session": "M",
    "queueName": "Q1",
    "type": "P",
    "stallName": "TW1",
    "position": "11"
  },
  {
    "studentRegNo": "S/19/429",
    "session": "M",
    "queueName": "Q1",
    "type": "P",
    "stallName": "TW1",
    "position": "12"
  },
  {
    "studentRegNo": "S/19/453",
    "session": "M",
    "queueName": "Q1",
    "type": "P",
    "stallName": "TW1",
    "position": "13"
  },
  {
    "studentRegNo": "S/19/352",
    "session": "M",
    "queueName": "Q1",
    "type": "P",
    "stallName": "TW1",
    "position": "14"
  },
  {
    "studentRegNo": "S/19/408",
    "session": "M",
    "queueName": "Q1",
    "type": "P",
    "stallName": "TW1",
    "position": "15"
  },
  {
    "studentRegNo": "S/19/350",
    "session": "M",
    "queueName": "Q1",
    "type": "P",
    "stallName": "TW1",
    "position": "16"
  },
  {
    "studentRegNo": "S/19/543",
    "session": "M",
    "queueName": "Q1",
    "type": "P",
    "stallName": "TW1",
    "position": "17"
  },
  {
    "studentRegNo": "S/19/421",
    "session": "M",
    "queueName": "Q1",
    "type": "P",
    "stallName": "TW1",
    "position": "18"
  },
  {
    "studentRegNo": "S/19/212",
    "session": "M",
    "queueName": "Q1",
    "type": "P",
    "stallName": "TW1",
    "position": "19"
  },
  {
    "studentRegNo": "S/18/092",
    "session": "M",
    "queueName": "Q1",
    "type": "P",
    "stallName": "TW1",
    "position": "20"
  },
  {
    "studentRegNo": "S/18/331",
    "session": "A",
    "queueName": "Q1",
    "type": "P",
    "stallName": "TW1",
    "position": "21"
  },
  {
    "studentRegNo": "S/18/427",
    "session": "A",
    "queueName": "Q1",
    "type": "P",
    "stallName": "TW1",
    "position": "22"
  },
  {
    "studentRegNo": "S/18/317",
    "session": "A",
    "queueName": "Q1",
    "type": "P",
    "stallName": "TW1",
    "position": "23"
  },
  {
    "studentRegNo": "S/18/412",
    "session": "A",
    "queueName": "Q1",
    "type": "P",
    "stallName": "TW1",
    "position": "24"
  },
  {
    "studentRegNo": "S/18/565",
    "session": "A",
    "queueName": "Q1",
    "type": "P",
    "stallName": "TW1",
    "position": "25"
  },
  {
    "studentRegNo": "S/18/336",
    "session": "A",
    "queueName": "Q1",
    "type": "P",
    "stallName": "TW1",
    "position": "26"
  },
  {
    "studentRegNo": "S/18/508",
    "session": "A",
    "queueName": "Q1",
    "type": "P",
    "stallName": "TW1",
    "position": "27"
  },
  {
    "studentRegNo": "S/18/465",
    "session": "A",
    "queueName": "Q1",
    "type": "P",
    "stallName": "TW1",
    "position": "28"
  },
  {
    "studentRegNo": "S/18/469",
    "session": "A",
    "queueName": "Q1",
    "type": "P",
    "stallName": "TW1",
    "position": "29"
  },
  {
    "studentRegNo": "S/19/515",
    "session": "A",
    "queueName": "Q1",
    "type": "P",
    "stallName": "TW1",
    "position": "30"
  },
  {
    "studentRegNo": "S/19/522",
    "session": "A",
    "queueName": "Q1",
    "type": "P",
    "stallName": "TW1",
    "position": "31"
  },
  {
    "studentRegNo": "S/19/524",
    "session": "A",
    "queueName": "Q1",
    "type": "P",
    "stallName": "TW1",
    "position": "32"
  },
  {
    "studentRegNo": "S/18/416",
    "session": "A",
    "queueName": "Q1",
    "type": "P",
    "stallName": "TW1",
    "position": "33"
  },
  {
    "studentRegNo": "S/19/527",
    "session": "A",
    "queueName": "Q1",
    "type": "P",
    "stallName": "TW1",
    "position": "34"
  },
  {
    "studentRegNo": "S/19/538",
    "session": "A",
    "queueName": "Q1",
    "type": "P",
    "stallName": "TW1",
    "position": "35"
  },
  {
    "studentRegNo": "S/19/577",
    "session": "A",
    "queueName": "Q1",
    "type": "P",
    "stallName": "TW1",
    "position": "36"
  },
  {
    "studentRegNo": "S/19/025",
    "session": "A",
    "queueName": "Q1",
    "type": "P",
    "stallName": "TW1",
    "position": "37"
  },
  {
    "studentRegNo": "S/19/202",
    "session": "A",
    "queueName": "Q1",
    "type": "P",
    "stallName": "TW1",
    "position": "38"
  },
  {
    "studentRegNo": "S/18/306",
    "session": "M",
    "queueName": "Q2",
    "type": "P",
    "stallName": "TW1",
    "position": "1"
  },
  {
    "studentRegNo": "S/18/530",
    "session": "M",
    "queueName": "Q2",
    "type": "P",
    "stallName": "TW1",
    "position": "2"
  },
  {
    "studentRegNo": "S/18/533",
    "session": "M",
    "queueName": "Q2",
    "type": "P",
    "stallName": "TW1",
    "position": "3"
  },
  {
    "studentRegNo": "S/18/553",
    "session": "M",
    "queueName": "Q2",
    "type": "P",
    "stallName": "TW1",
    "position": "4"
  },
  {
    "studentRegNo": "S/18/378",
    "session": "M",
    "queueName": "Q2",
    "type": "P",
    "stallName": "TW1",
    "position": "5"
  },
  {
    "studentRegNo": "S/18/391",
    "session": "M",
    "queueName": "Q2",
    "type": "P",
    "stallName": "TW1",
    "position": "6"
  },
  {
    "studentRegNo": "S/18/400",
    "session": "M",
    "queueName": "Q2",
    "type": "P",
    "stallName": "TW1",
    "position": "7"
  },
  {
    "studentRegNo": "S/18/368",
    "session": "M",
    "queueName": "Q2",
    "type": "P",
    "stallName": "TW1",
    "position": "8"
  },
  {
    "studentRegNo": "S/18/472",
    "session": "M",
    "queueName": "Q2",
    "type": "P",
    "stallName": "TW1",
    "position": "9"
  },
  {
    "studentRegNo": "S/18/460",
    "session": "M",
    "queueName": "Q2",
    "type": "P",
    "stallName": "TW1",
    "position": "10"
  },
  {
    "studentRegNo": "S/19/465",
    "session": "M",
    "queueName": "Q2",
    "type": "P",
    "stallName": "TW1",
    "position": "11"
  },
  {
    "studentRegNo": "S/19/478",
    "session": "M",
    "queueName": "Q2",
    "type": "P",
    "stallName": "TW1",
    "position": "12"
  },
  {
    "studentRegNo": "S/19/509",
    "session": "M",
    "queueName": "Q2",
    "type": "P",
    "stallName": "TW1",
    "position": "13"
  },
  {
    "studentRegNo": "S/19/541",
    "session": "M",
    "queueName": "Q2",
    "type": "P",
    "stallName": "TW1",
    "position": "14"
  },
  {
    "studentRegNo": "S/19/564",
    "session": "M",
    "queueName": "Q2",
    "type": "P",
    "stallName": "TW1",
    "position": "15"
  },
  {
    "studentRegNo": "S/19/585",
    "session": "M",
    "queueName": "Q2",
    "type": "P",
    "stallName": "TW1",
    "position": "16"
  },
  {
    "studentRegNo": "S/19/444",
    "session": "M",
    "queueName": "Q2",
    "type": "P",
    "stallName": "TW1",
    "position": "17"
  },
  {
    "studentRegNo": "S/19/107",
    "session": "M",
    "queueName": "Q2",
    "type": "P",
    "stallName": "TW1",
    "position": "18"
  },
  {
    "studentRegNo": "S/19/214",
    "session": "M",
    "queueName": "Q2",
    "type": "P",
    "stallName": "TW1",
    "position": "19"
  },
  {
    "studentRegNo": "S/19/067",
    "session": "M",
    "queueName": "Q2",
    "type": "P",
    "stallName": "TW1",
    "position": "20"
  },
  {
    "studentRegNo": "S/18/030",
    "session": "A",
    "queueName": "Q2",
    "type": "P",
    "stallName": "TW1",
    "position": "21"
  },
  {
    "studentRegNo": "S/18/484",
    "session": "A",
    "queueName": "Q2",
    "type": "P",
    "stallName": "TW1",
    "position": "22"
  },
  {
    "studentRegNo": "S/18/338",
    "session": "A",
    "queueName": "Q2",
    "type": "P",
    "stallName": "TW1",
    "position": "23"
  },
  {
    "studentRegNo": "S/18/445",
    "session": "A",
    "queueName": "Q2",
    "type": "P",
    "stallName": "TW1",
    "position": "24"
  },
  {
    "studentRegNo": "S/18/389",
    "session": "A",
    "queueName": "Q2",
    "type": "P",
    "stallName": "TW1",
    "position": "25"
  },
  {
    "studentRegNo": "S/18/478",
    "session": "A",
    "queueName": "Q2",
    "type": "P",
    "stallName": "TW1",
    "position": "26"
  },
  {
    "studentRegNo": "S/18/480",
    "session": "A",
    "queueName": "Q2",
    "type": "P",
    "stallName": "TW1",
    "position": "27"
  },
  {
    "studentRegNo": "S/18/575",
    "session": "A",
    "queueName": "Q2",
    "type": "P",
    "stallName": "TW1",
    "position": "28"
  },
  {
    "studentRegNo": "S/19/579",
    "session": "A",
    "queueName": "Q2",
    "type": "P",
    "stallName": "TW1",
    "position": "29"
  },
  {
    "studentRegNo": "S/19/969",
    "session": "A",
    "queueName": "Q2",
    "type": "P",
    "stallName": "TW1",
    "position": "30"
  },
  {
    "studentRegNo": "S/17/308",
    "session": "A",
    "queueName": "Q2",
    "type": "P",
    "stallName": "TW1",
    "position": "31"
  },
  {
    "studentRegNo": "S/18/340",
    "session": "A",
    "queueName": "Q2",
    "type": "P",
    "stallName": "TW1",
    "position": "32"
  },
  {
    "studentRegNo": "S/19/390",
    "session": "A",
    "queueName": "Q2",
    "type": "P",
    "stallName": "TW1",
    "position": "33"
  },
  {
    "studentRegNo": "S/19/403",
    "session": "A",
    "queueName": "Q2",
    "type": "P",
    "stallName": "TW1",
    "position": "34"
  },
  {
    "studentRegNo": "S/19/416",
    "session": "A",
    "queueName": "Q2",
    "type": "P",
    "stallName": "TW1",
    "position": "35"
  },
  {
    "studentRegNo": "S/19/500",
    "session": "A",
    "queueName": "Q2",
    "type": "P",
    "stallName": "TW1",
    "position": "36"
  },
  {
    "studentRegNo": "S/19/095",
    "session": "A",
    "queueName": "Q2",
    "type": "P",
    "stallName": "TW1",
    "position": "37"
  },
  {
    "studentRegNo": "S/19/030",
    "session": "A",
    "queueName": "Q2",
    "type": "P",
    "stallName": "TW1",
    "position": "38"
  }
]