[
  {
    "studentRegNo": "S/18/187",
    "session": "M",
    "queueName": "Q1",
    "type": "P",
    "stallName": "LK1",
    "position": "1"
  },
  {
    "studentRegNo": "S/18/305",
    "session": "M",
    "queueName": "Q1",
    "type": "P",
    "stallName": "LK1",
    "position": "2"
  },
  {
    "studentRegNo": "S/18/352",
    "session": "M",
    "queueName": "Q1",
    "type": "P",
    "stallName": "LK1",
    "position": "3"
  },
  {
    "studentRegNo": "S/18/385",
    "session": "M",
    "queueName": "Q1",
    "type": "P",
    "stallName": "LK1",
    "position": "4"
  },
  {
    "studentRegNo": "S/18/398",
    "session": "M",
    "queueName": "Q1",
    "type": "P",
    "stallName": "LK1",
    "position": "5"
  },
  {
    "studentRegNo": "S/18/477",
    "session": "M",
    "queueName": "Q1",
    "type": "P",
    "stallName": "LK1",
    "position": "6"
  },
  {
    "studentRegNo": "S/18/938",
    "session": "M",
    "queueName": "Q1",
    "type": "P",
    "stallName": "LK1",
    "position": "7"
  },
  {
    "studentRegNo": "S/18/942",
    "session": "M",
    "queueName": "Q1",
    "type": "P",
    "stallName": "LK1",
    "position": "8"
  },
  {
    "studentRegNo": "S/18/SP/950",
    "session": "M",
    "queueName": "Q1",
    "type": "P",
    "stallName": "LK1",
    "position": "9"
  },
  {
    "studentRegNo": "S/19/103",
    "session": "M",
    "queueName": "Q1",
    "type": "P",
    "stallName": "LK1",
    "position": "10"
  },
  {
    "studentRegNo": "S/19/200",
    "session": "M",
    "queueName": "Q1",
    "type": "P",
    "stallName": "LK1",
    "position": "11"
  },
  {
    "studentRegNo": "S/19/332",
    "session": "M",
    "queueName": "Q1",
    "type": "P",
    "stallName": "LK1",
    "position": "12"
  },
  {
    "studentRegNo": "S/19/360",
    "session": "M",
    "queueName": "Q1",
    "type": "P",
    "stallName": "LK1",
    "position": "13"
  },
  {
    "studentRegNo": "S/19/363",
    "session": "M",
    "queueName": "Q1",
    "type": "P",
    "stallName": "LK1",
    "position": "14"
  },
  {
    "studentRegNo": "S/19/415",
    "session": "M",
    "queueName": "Q1",
    "type": "P",
    "stallName": "LK1",
    "position": "15"
  },
  {
    "studentRegNo": "S/17/943",
    "session": "M",
    "queueName": "Q1",
    "type": "P",
    "stallName": "LK1",
    "position": "16"
  },
  {
    "studentRegNo": "S/19/943",
    "session": "M",
    "queueName": "Q1",
    "type": "P",
    "stallName": "LK1",
    "position": "17"
  },
  {
    "studentRegNo": "S/19/954",
    "session": "M",
    "queueName": "Q1",
    "type": "P",
    "stallName": "LK1",
    "position": "18"
  },
  {
    "studentRegNo": "S/18/011",
    "session": "A",
    "queueName": "Q1",
    "type": "P",
    "stallName": "LK1",
    "position": "19"
  },
  {
    "studentRegNo": "S/18/018",
    "session": "A",
    "queueName": "Q1",
    "type": "P",
    "stallName": "LK1",
    "position": "20"
  },
  {
    "studentRegNo": "S/18/019",
    "session": "A",
    "queueName": "Q1",
    "type": "P",
    "stallName": "LK1",
    "position": "21"
  },
  {
    "studentRegNo": "S/18/096",
    "session": "A",
    "queueName": "Q1",
    "type": "P",
    "stallName": "LK1",
    "position": "22"
  },
  {
    "studentRegNo": "S/18/120",
    "session": "A",
    "queueName": "Q1",
    "type": "P",
    "stallName": "LK1",
    "position": "23"
  },
  {
    "studentRegNo": "S/18/127",
    "session": "A",
    "queueName": "Q1",
    "type": "P",
    "stallName": "LK1",
    "position": "24"
  },
  {
    "studentRegNo": "S/18/145",
    "session": "A",
    "queueName": "Q1",
    "type": "P",
    "stallName": "LK1",
    "position": "25"
  },
  {
    "studentRegNo": "S/18/062",
    "session": "A",
    "queueName": "Q1",
    "type": "P",
    "stallName": "LK1",
    "position": "26"
  },
  {
    "studentRegNo": "S/18/607",
    "session": "A",
    "queueName": "Q1",
    "type": "P",
    "stallName": "LK1",
    "position": "27"
  },
  {
    "studentRegNo": "S/18/917",
    "session": "A",
    "queueName": "Q1",
    "type": "P",
    "stallName": "LK1",
    "position": "28"
  },
  {
    "studentRegNo": "S/18/928",
    "session": "A",
    "queueName": "Q1",
    "type": "P",
    "stallName": "LK1",
    "position": "29"
  },
  {
    "studentRegNo": "S/18/934",
    "session": "A",
    "queueName": "Q1",
    "type": "P",
    "stallName": "LK1",
    "position": "30"
  },
  {
    "studentRegNo": "S/18/920",
    "session": "A",
    "queueName": "Q1",
    "type": "P",
    "stallName": "LK1",
    "position": "31"
  },
  {
    "studentRegNo": "S/19/174",
    "session": "A",
    "queueName": "Q1",
    "type": "P",
    "stallName": "LK1",
    "position": "32"
  },
  {
    "studentRegNo": "S/18/039",
    "session": "A",
    "queueName": "Q1",
    "type": "P",
    "stallName": "LK1",
    "position": "33"
  },
  {
    "studentRegNo": "S/18/168",
    "session": "A",
    "queueName": "Q1",
    "type": "P",
    "stallName": "LK1",
    "position": "34"
  },
  {
    "studentRegNo": "S/18/464",
    "session": "A",
    "queueName": "Q1",
    "type": "P",
    "stallName": "LK1",
    "position": "35"
  },
  {
    "studentRegNo": "S/17/365",
    "session": "A",
    "queueName": "Q1",
    "type": "P",
    "stallName": "LK1",
    "position": "36"
  },
  {
    "studentRegNo": "S/18/518",
    "session": "M",
    "queueName": "Q2",
    "type": "P",
    "stallName": "LK1",
    "position": "1"
  },
  {
    "studentRegNo": "S/18/583",
    "session": "M",
    "queueName": "Q2",
    "type": "P",
    "stallName": "LK1",
    "position": "2"
  },
  {
    "studentRegNo": "S/18/594",
    "session": "M",
    "queueName": "Q2",
    "type": "P",
    "stallName": "LK1",
    "position": "3"
  },
  {
    "studentRegNo": "S/18/603",
    "session": "M",
    "queueName": "Q2",
    "type": "P",
    "stallName": "LK1",
    "position": "4"
  },
  {
    "studentRegNo": "S/18/301",
    "session": "M",
    "queueName": "Q2",
    "type": "P",
    "stallName": "LK1",
    "position": "5"
  },
  {
    "studentRegNo": "S/18/402",
    "session": "M",
    "queueName": "Q2",
    "type": "P",
    "stallName": "LK1",
    "position": "6"
  },
  {
    "studentRegNo": "S/18/347",
    "session": "M",
    "queueName": "Q2",
    "type": "P",
    "stallName": "LK1",
    "position": "7"
  },
  {
    "studentRegNo": "S/18/089",
    "session": "M",
    "queueName": "Q2",
    "type": "P",
    "stallName": "LK1",
    "position": "8"
  },
  {
    "studentRegNo": "S/18/128",
    "session": "M",
    "queueName": "Q2",
    "type": "P",
    "stallName": "LK1",
    "position": "9"
  },
  {
    "studentRegNo": "S/19/571",
    "session": "M",
    "queueName": "Q2",
    "type": "P",
    "stallName": "LK1",
    "position": "10"
  },
  {
    "studentRegNo": "S/19/584",
    "session": "M",
    "queueName": "Q2",
    "type": "P",
    "stallName": "LK1",
    "position": "11"
  },
  {
    "studentRegNo": "S/19/154",
    "session": "M",
    "queueName": "Q2",
    "type": "P",
    "stallName": "LK1",
    "position": "12"
  },
  {
    "studentRegNo": "S/19/163",
    "session": "M",
    "queueName": "Q2",
    "type": "P",
    "stallName": "LK1",
    "position": "13"
  },
  {
    "studentRegNo": "S/19/174",
    "session": "M",
    "queueName": "Q2",
    "type": "P",
    "stallName": "LK1",
    "position": "14"
  },
  {
    "studentRegNo": "S/18/479",
    "session": "M",
    "queueName": "Q2",
    "type": "P",
    "stallName": "LK1",
    "position": "15"
  },
  {
    "studentRegNo": "S/19/905",
    "session": "M",
    "queueName": "Q2",
    "type": "P",
    "stallName": "LK1",
    "position": "16"
  },
  {
    "studentRegNo": "S/19/909",
    "session": "M",
    "queueName": "Q2",
    "type": "P",
    "stallName": "LK1",
    "position": "17"
  },
  {
    "studentRegNo": "S/18/166",
    "session": "A",
    "queueName": "Q2",
    "type": "P",
    "stallName": "LK1",
    "position": "18"
  },
  {
    "studentRegNo": "S/18/174",
    "session": "A",
    "queueName": "Q2",
    "type": "P",
    "stallName": "LK1",
    "position": "19"
  },
  {
    "studentRegNo": "S/18/181",
    "session": "A",
    "queueName": "Q2",
    "type": "P",
    "stallName": "LK1",
    "position": "20"
  },
  {
    "studentRegNo": "S/18/328",
    "session": "A",
    "queueName": "Q2",
    "type": "P",
    "stallName": "LK1",
    "position": "21"
  },
  {
    "studentRegNo": "S/18/448",
    "session": "A",
    "queueName": "Q2",
    "type": "P",
    "stallName": "LK1",
    "position": "22"
  },
  {
    "studentRegNo": "S/18/541",
    "session": "A",
    "queueName": "Q2",
    "type": "P",
    "stallName": "LK1",
    "position": "23"
  },
  {
    "studentRegNo": "S/18/602",
    "session": "A",
    "queueName": "Q2",
    "type": "P",
    "stallName": "LK1",
    "position": "24"
  },
  {
    "studentRegNo": "S/18/360",
    "session": "A",
    "queueName": "Q2",
    "type": "P",
    "stallName": "LK1",
    "position": "25"
  },
  {
    "studentRegNo": "S/18/923",
    "session": "A",
    "queueName": "Q2",
    "type": "P",
    "stallName": "LK1",
    "position": "26"
  },
  {
    "studentRegNo": "S/18/924",
    "session": "A",
    "queueName": "Q2",
    "type": "P",
    "stallName": "LK1",
    "position": "27"
  },
  {
    "studentRegNo": "S/18/933",
    "session": "A",
    "queueName": "Q2",
    "type": "P",
    "stallName": "LK1",
    "position": "28"
  },
  {
    "studentRegNo": "S/18/943",
    "session": "A",
    "queueName": "Q2",
    "type": "P",
    "stallName": "LK1",
    "position": "29"
  },
  {
    "studentRegNo": "S/19/028",
    "session": "A",
    "queueName": "Q2",
    "type": "P",
    "stallName": "LK1",
    "position": "30"
  },
  {
    "studentRegNo": "S/19/066",
    "session": "A",
    "queueName": "Q2",
    "type": "P",
    "stallName": "LK1",
    "position": "31"
  },
  {
    "studentRegNo": "S/19/045",
    "session": "A",
    "queueName": "Q2",
    "type": "P",
    "stallName": "LK1",
    "position": "32"
  },
  {
    "studentRegNo": "S/19/073",
    "session": "A",
    "queueName": "Q2",
    "type": "P",
    "stallName": "LK1",
    "position": "33"
  },
  {
    "studentRegNo": "S/19/077",
    "session": "A",
    "queueName": "Q2",
    "type": "P",
    "stallName": "LK1",
    "position": "34"
  },
  {
    "studentRegNo": "S/17/133",
    "session": "A",
    "queueName": "Q2",
    "type": "P",
    "stallName": "LK1",
    "position": "35"
  }
]