[
  {
    "studentRegNo": "S/18/400",
    "session": "M",
    "queueName": "Q1",
    "type": "P",
    "stallName": "OC1",
    "position": "1"
  },
  {
    "studentRegNo": "S/18/331",
    "session": "M",
    "queueName": "Q1",
    "type": "P",
    "stallName": "OC1",
    "position": "2"
  },
  {
    "studentRegNo": "S/18/484",
    "session": "M",
    "queueName": "Q1",
    "type": "P",
    "stallName": "OC1",
    "position": "3"
  },
  {
    "studentRegNo": "S/18/803",
    "session": "M",
    "queueName": "Q1",
    "type": "P",
    "stallName": "OC1",
    "position": "4"
  },
  {
    "studentRegNo": "S/18/834",
    "session": "M",
    "queueName": "Q1",
    "type": "P",
    "stallName": "OC1",
    "position": "5"
  },
  {
    "studentRegNo": "S/18/846",
    "session": "M",
    "queueName": "Q1",
    "type": "P",
    "stallName": "OC1",
    "position": "6"
  },
  {
    "studentRegNo": "S/18/460",
    "session": "M",
    "queueName": "Q1",
    "type": "P",
    "stallName": "OC1",
    "position": "7"
  },
  {
    "studentRegNo": "S/17/009",
    "session": "M",
    "queueName": "Q1",
    "type": "P",
    "stallName": "OC1",
    "position": "8"
  },
  {
    "studentRegNo": "S/18/317",
    "session": "M",
    "queueName": "Q1",
    "type": "P",
    "stallName": "OC1",
    "position": "9"
  },
  {
    "studentRegNo": "S/18/337",
    "session": "M",
    "queueName": "Q1",
    "type": "P",
    "stallName": "OC1",
    "position": "10"
  },
  {
    "studentRegNo": "S/18/412",
    "session": "M",
    "queueName": "Q1",
    "type": "P",
    "stallName": "OC1",
    "position": "11"
  },
  {
    "studentRegNo": "S/18/532",
    "session": "M",
    "queueName": "Q1",
    "type": "P",
    "stallName": "OC1",
    "position": "12"
  },
  {
    "studentRegNo": "S/18/480",
    "session": "M",
    "queueName": "Q2",
    "type": "P",
    "stallName": "OC1",
    "position": "13"
  },
  {
    "studentRegNo": "S/18/442",
    "session": "M",
    "queueName": "Q2",
    "type": "P",
    "stallName": "OC1",
    "position": "14"
  },
  {
    "studentRegNo": "S/18/572",
    "session": "M",
    "queueName": "Q2",
    "type": "P",
    "stallName": "OC1",
    "position": "15"
  },
  {
    "studentRegNo": "S/18/827",
    "session": "M",
    "queueName": "Q2",
    "type": "P",
    "stallName": "OC1",
    "position": "16"
  },
  {
    "studentRegNo": "S/18/836",
    "session": "M",
    "queueName": "Q2",
    "type": "P",
    "stallName": "OC1",
    "position": "17"
  },
  {
    "studentRegNo": "S/18/389",
    "session": "M",
    "queueName": "Q2",
    "type": "P",
    "stallName": "OC1",
    "position": "18"
  },
  {
    "studentRegNo": "S/18/472",
    "session": "M",
    "queueName": "Q2",
    "type": "P",
    "stallName": "OC1",
    "position": "19"
  },
  {
    "studentRegNo": "S/18/SP/608",
    "session": "M",
    "queueName": "Q2",
    "type": "P",
    "stallName": "OC1",
    "position": "20"
  },
  {
    "studentRegNo": "S/18/332",
    "session": "M",
    "queueName": "Q2",
    "type": "P",
    "stallName": "OC1",
    "position": "21"
  },
  {
    "studentRegNo": "S/18/406",
    "session": "M",
    "queueName": "Q2",
    "type": "P",
    "stallName": "OC1",
    "position": "22"
  },
  {
    "studentRegNo": "S/18/505",
    "session": "M",
    "queueName": "Q2",
    "type": "P",
    "stallName": "OC1",
    "position": "23"
  },
  {
    "studentRegNo": "S/19/444",
    "session": "M",
    "queueName": "Q2",
    "type": "P",
    "stallName": "OC1",
    "position": "24"
  }
]