[
  {
    "studentRegNo": "S/18/440",
    "session": "M",
    "queueName": "Q1",
    "type": "P",
    "stallName": "NS1",
    "position": "1"
  },
  {
    "studentRegNo": "S/18/465",
    "session": "M",
    "queueName": "Q1",
    "type": "P",
    "stallName": "NS1",
    "position": "2"
  },
  {
    "studentRegNo": "S/18/469",
    "session": "M",
    "queueName": "Q1",
    "type": "P",
    "stallName": "NS1",
    "position": "3"
  },
  {
    "studentRegNo": "S/18/480",
    "session": "M",
    "queueName": "Q1",
    "type": "P",
    "stallName": "NS1",
    "position": "4"
  },
  {
    "studentRegNo": "S/18/575",
    "session": "M",
    "queueName": "Q1",
    "type": "P",
    "stallName": "NS1",
    "position": "5"
  },
  {
    "studentRegNo": "S/18/363",
    "session": "M",
    "queueName": "Q1",
    "type": "P",
    "stallName": "NS1",
    "position": "6"
  },
  {
    "studentRegNo": "S/18/919",
    "session": "M",
    "queueName": "Q1",
    "type": "P",
    "stallName": "NS1",
    "position": "7"
  },
  {
    "studentRegNo": "S/18/044",
    "session": "M",
    "queueName": "Q1",
    "type": "P",
    "stallName": "NS1",
    "position": "8"
  },
  {
    "studentRegNo": "S/18/337",
    "session": "M",
    "queueName": "Q1",
    "type": "P",
    "stallName": "NS1",
    "position": "9"
  },
  {
    "studentRegNo": "S/18/SP/608",
    "session": "M",
    "queueName": "Q1",
    "type": "P",
    "stallName": "NS1",
    "position": "10"
  },
  {
    "studentRegNo": "S/19/930",
    "session": "M",
    "queueName": "Q1",
    "type": "P",
    "stallName": "NS1",
    "position": "11"
  },
  {
    "studentRegNo": "S/19/942",
    "session": "M",
    "queueName": "Q1",
    "type": "P",
    "stallName": "NS1",
    "position": "12"
  },
  {
    "studentRegNo": "S/19/953",
    "session": "M",
    "queueName": "Q1",
    "type": "P",
    "stallName": "NS1",
    "position": "13"
  },
  {
    "studentRegNo": "S/19/955",
    "session": "M",
    "queueName": "Q1",
    "type": "P",
    "stallName": "NS1",
    "position": "14"
  },
  {
    "studentRegNo": "S/19/965",
    "session": "M",
    "queueName": "Q1",
    "type": "P",
    "stallName": "NS1",
    "position": "15"
  },
  {
    "studentRegNo": "S/19/967",
    "session": "M",
    "queueName": "Q1",
    "type": "P",
    "stallName": "NS1",
    "position": "16"
  },
  {
    "studentRegNo": "S/19/927",
    "session": "M",
    "queueName": "Q1",
    "type": "P",
    "stallName": "NS1",
    "position": "17"
  },
  {
    "studentRegNo": "S/17/415",
    "session": "M",
    "queueName": "Q1",
    "type": "P",
    "stallName": "NS1",
    "position": "18"
  },
  {
    "studentRegNo": "S/19/313",
    "session": "M",
    "queueName": "Q1",
    "type": "P",
    "stallName": "NS1",
    "position": "19"
  },
  {
    "studentRegNo": "S/18/325",
    "session": "A",
    "queueName": "Q1",
    "type": "P",
    "stallName": "NS1",
    "position": "20"
  },
  {
    "studentRegNo": "S/18/351",
    "session": "A",
    "queueName": "Q1",
    "type": "P",
    "stallName": "NS1",
    "position": "21"
  },
  {
    "studentRegNo": "S/18/353",
    "session": "A",
    "queueName": "Q1",
    "type": "P",
    "stallName": "NS1",
    "position": "22"
  },
  {
    "studentRegNo": "S/18/354",
    "session": "A",
    "queueName": "Q1",
    "type": "P",
    "stallName": "NS1",
    "position": "23"
  },
  {
    "studentRegNo": "S/18/378",
    "session": "A",
    "queueName": "Q1",
    "type": "P",
    "stallName": "NS1",
    "position": "24"
  },
  {
    "studentRegNo": "S/18/391",
    "session": "A",
    "queueName": "Q1",
    "type": "P",
    "stallName": "NS1",
    "position": "25"
  },
  {
    "studentRegNo": "S/18/901",
    "session": "A",
    "queueName": "Q1",
    "type": "P",
    "stallName": "NS1",
    "position": "26"
  },
  {
    "studentRegNo": "S/18/903",
    "session": "A",
    "queueName": "Q1",
    "type": "P",
    "stallName": "NS1",
    "position": "27"
  },
  {
    "studentRegNo": "S/18/904",
    "session": "A",
    "queueName": "Q1",
    "type": "P",
    "stallName": "NS1",
    "position": "28"
  },
  {
    "studentRegNo": "S/18/908",
    "session": "A",
    "queueName": "Q1",
    "type": "P",
    "stallName": "NS1",
    "position": "29"
  },
  {
    "studentRegNo": "S/18/909",
    "session": "A",
    "queueName": "Q1",
    "type": "P",
    "stallName": "NS1",
    "position": "30"
  },
  {
    "studentRegNo": "S/18/532",
    "session": "A",
    "queueName": "Q1",
    "type": "P",
    "stallName": "NS1",
    "position": "31"
  },
  {
    "studentRegNo": "S/18/505",
    "session": "A",
    "queueName": "Q1",
    "type": "P",
    "stallName": "NS1",
    "position": "32"
  },
  {
    "studentRegNo": "S/19/429",
    "session": "A",
    "queueName": "Q1",
    "type": "P",
    "stallName": "NS1",
    "position": "33"
  },
  {
    "studentRegNo": "S/19/453",
    "session": "A",
    "queueName": "Q1",
    "type": "P",
    "stallName": "NS1",
    "position": "34"
  },
  {
    "studentRegNo": "S/19/465",
    "session": "A",
    "queueName": "Q1",
    "type": "P",
    "stallName": "NS1",
    "position": "35"
  },
  {
    "studentRegNo": "S/19/433",
    "session": "A",
    "queueName": "Q1",
    "type": "P",
    "stallName": "NS1",
    "position": "36"
  },
  {
    "studentRegNo": "S/19/435",
    "session": "A",
    "queueName": "Q1",
    "type": "P",
    "stallName": "NS1",
    "position": "37"
  },
  {
    "studentRegNo": "S/19/437",
    "session": "A",
    "queueName": "Q1",
    "type": "P",
    "stallName": "NS1",
    "position": "38"
  },
  {
    "studentRegNo": "S/19/040",
    "session": "A",
    "queueName": "Q1",
    "type": "P",
    "stallName": "NS1",
    "position": "39"
  },
  {
    "studentRegNo": "S/18/927",
    "session": "M",
    "queueName": "Q2",
    "type": "P",
    "stallName": "NS1",
    "position": "1"
  },
  {
    "studentRegNo": "S/18/931",
    "session": "M",
    "queueName": "Q2",
    "type": "P",
    "stallName": "NS1",
    "position": "2"
  },
  {
    "studentRegNo": "S/18/940",
    "session": "M",
    "queueName": "Q2",
    "type": "P",
    "stallName": "NS1",
    "position": "3"
  },
  {
    "studentRegNo": "S/18/945",
    "session": "M",
    "queueName": "Q2",
    "type": "P",
    "stallName": "NS1",
    "position": "4"
  },
  {
    "studentRegNo": "S/18/907",
    "session": "M",
    "queueName": "Q2",
    "type": "P",
    "stallName": "NS1",
    "position": "5"
  },
  {
    "studentRegNo": "S/18/448",
    "session": "M",
    "queueName": "Q2",
    "type": "P",
    "stallName": "NS1",
    "position": "6"
  },
  {
    "studentRegNo": "S/18/409",
    "session": "M",
    "queueName": "Q2",
    "type": "P",
    "stallName": "NS1",
    "position": "7"
  },
  {
    "studentRegNo": "S/18/380",
    "session": "M",
    "queueName": "Q2",
    "type": "P",
    "stallName": "NS1",
    "position": "8"
  },
  {
    "studentRegNo": "S/18/332",
    "session": "M",
    "queueName": "Q2",
    "type": "P",
    "stallName": "NS1",
    "position": "9"
  },
  {
    "studentRegNo": "S/19/012",
    "session": "M",
    "queueName": "Q2",
    "type": "P",
    "stallName": "NS1",
    "position": "10"
  },
  {
    "studentRegNo": "S/19/312",
    "session": "M",
    "queueName": "Q2",
    "type": "P",
    "stallName": "NS1",
    "position": "11"
  },
  {
    "studentRegNo": "S/19/317",
    "session": "M",
    "queueName": "Q2",
    "type": "P",
    "stallName": "NS1",
    "position": "12"
  },
  {
    "studentRegNo": "S/19/368",
    "session": "M",
    "queueName": "Q2",
    "type": "P",
    "stallName": "NS1",
    "position": "13"
  },
  {
    "studentRegNo": "S/19/390",
    "session": "M",
    "queueName": "Q2",
    "type": "P",
    "stallName": "NS1",
    "position": "14"
  },
  {
    "studentRegNo": "S/19/403",
    "session": "M",
    "queueName": "Q2",
    "type": "P",
    "stallName": "NS1",
    "position": "15"
  },
  {
    "studentRegNo": "S/19/928",
    "session": "M",
    "queueName": "Q2",
    "type": "P",
    "stallName": "NS1",
    "position": "16"
  },
  {
    "studentRegNo": "S/17/420",
    "session": "M",
    "queueName": "Q2",
    "type": "P",
    "stallName": "NS1",
    "position": "17"
  },
  {
    "studentRegNo": "S/19/540",
    "session": "M",
    "queueName": "Q2",
    "type": "P",
    "stallName": "NS1",
    "position": "18"
  },
  {
    "studentRegNo": "S/19/454",
    "session": "M",
    "queueName": "Q2",
    "type": "P",
    "stallName": "NS1",
    "position": "19"
  },
  {
    "studentRegNo": "S/18/361",
    "session": "A",
    "queueName": "Q2",
    "type": "P",
    "stallName": "NS1",
    "position": "20"
  },
  {
    "studentRegNo": "S/18/370",
    "session": "A",
    "queueName": "Q2",
    "type": "P",
    "stallName": "NS1",
    "position": "21"
  },
  {
    "studentRegNo": "S/18/377",
    "session": "A",
    "queueName": "Q2",
    "type": "P",
    "stallName": "NS1",
    "position": "22"
  },
  {
    "studentRegNo": "S/18/180",
    "session": "A",
    "queueName": "Q2",
    "type": "P",
    "stallName": "NS1",
    "position": "23"
  },
  {
    "studentRegNo": "S/18/400",
    "session": "A",
    "queueName": "Q2",
    "type": "P",
    "stallName": "NS1",
    "position": "24"
  },
  {
    "studentRegNo": "S/18/440",
    "session": "A",
    "queueName": "Q2",
    "type": "P",
    "stallName": "NS1",
    "position": "25"
  },
  {
    "studentRegNo": "S/18/913",
    "session": "A",
    "queueName": "Q2",
    "type": "P",
    "stallName": "NS1",
    "position": "26"
  },
  {
    "studentRegNo": "S/18/911",
    "session": "A",
    "queueName": "Q2",
    "type": "P",
    "stallName": "NS1",
    "position": "27"
  },
  {
    "studentRegNo": "S/18/917",
    "session": "A",
    "queueName": "Q2",
    "type": "P",
    "stallName": "NS1",
    "position": "28"
  },
  {
    "studentRegNo": "S/18/928",
    "session": "A",
    "queueName": "Q2",
    "type": "P",
    "stallName": "NS1",
    "position": "29"
  },
  {
    "studentRegNo": "S/18/934",
    "session": "A",
    "queueName": "Q2",
    "type": "P",
    "stallName": "NS1",
    "position": "30"
  },
  {
    "studentRegNo": "S/18/406",
    "session": "A",
    "queueName": "Q2",
    "type": "P",
    "stallName": "NS1",
    "position": "31"
  },
  {
    "studentRegNo": "S/19/442",
    "session": "A",
    "queueName": "Q2",
    "type": "P",
    "stallName": "NS1",
    "position": "32"
  },
  {
    "studentRegNo": "S/19/445",
    "session": "A",
    "queueName": "Q2",
    "type": "P",
    "stallName": "NS1",
    "position": "33"
  },
  {
    "studentRegNo": "S/19/451",
    "session": "A",
    "queueName": "Q2",
    "type": "P",
    "stallName": "NS1",
    "position": "34"
  },
  {
    "studentRegNo": "S/19/457",
    "session": "A",
    "queueName": "Q2",
    "type": "P",
    "stallName": "NS1",
    "position": "35"
  },
  {
    "studentRegNo": "S/19/482",
    "session": "A",
    "queueName": "Q2",
    "type": "P",
    "stallName": "NS1",
    "position": "36"
  },
  {
    "studentRegNo": "S/19/485",
    "session": "A",
    "queueName": "Q2",
    "type": "P",
    "stallName": "NS1",
    "position": "37"
  },
  {
    "studentRegNo": "S/19/552",
    "session": "A",
    "queueName": "Q2",
    "type": "P",
    "stallName": "NS1",
    "position": "38"
  }
]