[
  {
    "name": "Kelun Life Sciences (Pvt) Ltd",
    "code": "KL",
    "email": "kelun@vqueue.com",
    "address": "",
    "phone1": "",
    "status": "absent"
  },
  {
    "name": "Celogen Lanka (Pvt) Ltd",
    "code": "CG",
    "email": "celogen@vqueue.com",
    "address": "",
    "phone1": "",
    "status": "absent"
  },
  {
    "name": "Sands Active (Pvt) Ltd",
    "code": "SA",
    "email": "sandsactive@vqueue.com",
    "address": "",
    "phone1": "",
    "status": "absent"
  },
  {
    "name": "Brandix Lanka (Pvt) Ltd",
    "code": "BRX",
    "email": "brandix@vqueue.com",
    "address": "",
    "phone1": "",
    "status": ""
  },
  {
    "name": "MAS Holdings (Pvt) Ltd",
    "code": "MAS",
    "email": "mas@vqueue.com",
    "address": "",
    "phone1": "",
    "status": "absent"
  },
  {
    "name": "CodeGen International (Pvt) Ltd",
    "code": "CGN",
    "email": "codegen@vqueue.com",
    "address": "",
    "phone1": "",
    "status": "absent"
  },
  {
    "name": "Hemas Consumer Brands (Pvt) Ltd",
    "code": "HCB",
    "email": "hemas@vqueue.com",
    "address": "",
    "phone1": "",
    "status": "absent"
  },
  {
    "name": "Octave (Pvt) Ltd",
    "code": "OC",
    "email": "octave@vqueue.com",
    "address": "",
    "phone1": "",
    "status": "absent"
  },
  {
    "name": "Emjay International (Pvt) Ltd",
    "code": "EJ",
    "email": "emjay@vqueue.com",
    "address": "",
    "phone1": "",
    "status": "absent"
  },
  {
    "name": "Lankem (Pvt) Ltd",
    "code": "LK",
    "email": "lankem@vqueue.com",
    "address": "",
    "phone1": "",
    "status": "absent"
  },
  {
    "name": "HayCarb PLC",
    "code": "HAY",
    "email": "haycarb@vqueue.com",
    "address": "",
    "phone1": "",
    "status": "absent"
  },
  {
    "name": "North Sails (Pvt) Ltd",
    "code": "NS",
    "email": "northsails@vqueue.com",
    "address": "",
    "phone1": "",
    "status": "absent"
  },
  {
    "name": "S-Lon Lanka (Pvt) Ltd",
    "code": "SL",
    "email": "slon@vqueue.com",
    "address": "",
    "phone1": "",
    "status": "absent"
  },
  {
    "name": "MAS Twinery (MAS Innovation (Pvt) Ltd)",
    "code": "TW",
    "email": "twinery@vqueue.com",
    "address": "",
    "phone1": "",
    "status": "absent"
  },
  {
    "name": "My Turn Internship Platform - Website Registration",
    "code": "MT",
    "email": "myturn@vqueue.com",
    "address": "",
    "phone1": "",
    "status": "absent"
  }
]