role,name,email,phone1,phone2
admin,Sahan Kodituwakku,sahan.crkodituwakku@gmail.com,070-3413298,
admin,VQueue Mgt,vqueue.mgt@gmail.com,070-3413298,
admin,superadmin,superadmin@vqueue.com,070-3413298,
admin,Anuka Hettiarachchi,s20381@sci.pdn.ac.lk,071-7720214,
admin,Sachith Rajapakse,s19953@sci.pdn.ac.lk,071-8879480,
admin,Mohommadhu Umair,s20534@sci.pdn.ac.lk,077-4947906,
admin,Udara Peiris,s18579@sci.pdn.ac.lk,077-1260427,
admin,Vimansha Madushani,s19819@sci.pdn.ac.lk,071-2304489,
admin,Susara Withanage,s19540@sci.pdn.ac.lk,076-4858102,