{"kind":"identitytoolkit#DownloadAccountResponse","users":[{"localId":"7499Y0BuWvUbd3OA36jlhkfdeTag","createdAt":"1721964467632","lastLoginAt":"1721964467632","passwordHash":"fakeHash:salt=fakeSaltOn2PXUQnLfjphpHkusAC:password=123456","salt":"fakeSaltOn2PXUQnLfjphpHkusAC","passwordUpdatedAt":1722857497153,"providerUserInfo":[{"providerId":"password","email":"s18920@sci.pdn.ac.lk","federatedId":"s18920@sci.pdn.ac.lk","rawId":"s18920@sci.pdn.ac.lk"}],"validSince":"1722857497","email":"s18920@sci.pdn.ac.lk","emailVerified":false,"disabled":false},{"localId":"FKGYM4TogfqLUoMivaopGh1pP9yV","createdAt":"1721904400839","lastLoginAt":"1722862347051","displayName":"superadmin","photoUrl":"","passwordHash":"fakeHash:salt=fakeSaltiMW26hMvX84fda0Tn493:password=superadmin","salt":"fakeSaltiMW26hMvX84fda0Tn493","passwordUpdatedAt":1722857497154,"providerUserInfo":[{"providerId":"password","email":"superadmin@vqueue.com","federatedId":"superadmin@vqueue.com","rawId":"superadmin@vqueue.com","displayName":"superadmin","photoUrl":""}],"validSince":"1722857497","email":"superadmin@vqueue.com","emailVerified":true,"disabled":false,"lastRefreshAt":"2024-08-05T12:52:27.051Z"},{"localId":"cDHL4FoIMuKQoscc1cN1WvFtbfSD","createdAt":"1721965591755","lastLoginAt":"1721965829369","displayName":"VQueue","providerUserInfo":[{"providerId":"google.com","rawId":"3921292029208320835170075009794500925654","federatedId":"3921292029208320835170075009794500925654","displayName":"VQueue","email":"vqueue.mgt@gmail.com"}],"validSince":"1722857497","email":"vqueue.mgt@gmail.com","emailVerified":true,"disabled":false,"lastRefreshAt":"2024-08-05T12:36:01.625Z"}]}